published_utc,title,link,scheme,amount,ministry,summary
2026-10-05 00:42,"Shivraj Singh Chouhan Hands Over 3 Lakh Houses Worth ₹3,600 Crore to Andhra Pradesh, Lays Foundation for India’s First 3D Concrete-Printed Housing Project - Hindudayashankar",https://news.google.com/rss/articles/CBMipgJBVV95cUxQS3NWWnROSmhRTXlvNGxnQTBsclU1VEVKa21wcXFFeHQxV0dfeDlmQ2ZGaVRKbU9QODRhbU5xX3BTdVFXVEtlbWp1RU9DeGF5V2ZFbnI0RWpBWEdvanVKUmdNNTRqMG9YMFVHZzRVQWNzQWh3TGhFb0JXUk1tUzd2ZEgzeW1nQjNXWF8zcUVXOVBpZHFCRVItc0p2OUtFblRiN3pSVFpKY0I4ZE9McGdjcnlqV2p1dk8yXzR3TUZIb1otN0NkdlVxWU82UjgzNEdvd0N0YlI0akxwWG9RLWN6bXBTREprTzdQX20tOXZmR3VwWER2bF92SzlsMkFxYkN5ZXlmcmlMc2NwWG54Z1VrbGVlRFRkZHpRMW12Ty0zWjdBdjhzMXc?oc=5,,,,
2026-10-05 00:52,"Centre hands over 3 lakh houses worth Rs 3,600 crore for rural poor in Andhra Pradesh - Social News XYZ",https://news.google.com/rss/articles/CBMiwAFBVV95cUxPUFQ5V2kzeTZ3cDBxRGNCUTFyUkR1UzRKaDdIUTBmcm83VGJ5bjMtTTlRRjhGbmxBbWF6RW9QRTVvTTdPcEN0bTRUQVhIczg4N01YYmszVzFDWU44QmZ6ZnFXcWZQU2I0NEJQTmktNUxVSkJZVFN6Yjg4bC1fcGVYSjlMWjlqV3pCbncyaDFySlhPVkVaUGxobmRNdC1XOW1nQjhYano0YnlVUWtZS2JXUlZ4Mndsd2VET3FadDZBYUQ?oc=5,,,,
2026-10-05 01:04,రైతులను ఆదుకునేందుకు సహకరించండి కేంద్రమంత్రి చౌహాన్‌కు సీఎం చంద్రబాబు వినతి - Andhrajyothy,https://news.google.com/rss/articles/CBMi4wFBVV95cUxOMDlGaUpQaFMteVV1ZDNqb2N1b0c1dDFJUVJNdHJscFMtZlc0dE11dDZVTU9NdWw2YzA3S01Ba19oc3dCSXhoczEza0VFTGtmZi1BaXpISmN3d0FrUDlhN01JaFVFT0xWR1ppMy1MZnJWbDhrS2NuWlF0R1NYR0twU2N0SEdFZU83YUp0aWZJTTNNVFowSTV4eDZ1ejYyck0wcC1iWU01VUxaRXlNaGtROHNWV195ZjBUNjg1SXpMNlBEYndDd2pXSUVuWkItN1NackpzbTdNS1JKV1hGTFNYN2xJWQ?oc=5,,,,
2026-10-05 03:34,"AP CM Naidu urges Centre to save ryots from distress sales, allot 6 lakh houses - The New Indian Express",https://news.google.com/rss/articles/CBMi3gFBVV95cUxPcEFGOGctMEpwRFh1QUQ5QWlqd0NLcFlGejV2ZzBuSHg1Z1dnLVNlVFZLYUF3dHZocXYxbk5BR3FWcWZwSEh1Vi1tTUZ4eWoyTlJhbjBDc2pJbHNVYXNTOEt4UzQtRTNEMzY3QTdEM3RvNmNtVGxOWXNPaW9LbjFiRnlGMVNzZGt4NUw2S2dUYVVUZ2g3c2NfckFSZnBwTkVVUGZCTzJhdEdnRm1adGV3a0Zsa3VTWHhSckxvZFk4VGdmVjJkSG5sYXdCZ3JHNVRTb3VNT1N5SVEtWGUtbUHSAesBQVVfeXFMUEFBcndQcFFpTDcwbTNMUEZuTW04dzZEanhmdFpURjhHZkltdEdBemtSMFJFbTJCaEd5eldkdjFINzdXb25wS1gwejVMNmZhbzUtZlUtQi1JSm9GWU55TWJQM3djczVVSVlBYlBlWVFTa25BWWhjLTZGZnZEampSTk5lcDAwSERReU9MajVDQ3FOYV85NXFQaFdwbjJhWTNSdHV0ZloyMTFjUUxaNms5aU81UnNfNGdSS1gzZE1RZjljSkxDN0xpR3BTRlVaUnQwOVlfd0xVTkZ6TWt5RW9CWnh2dzV0a1BiSTRibw?oc=5,,,,
2026-10-05 04:54,"Amaravati outer ring road project: NHAI floats tenders worth Rs 13,092 crore - biginfo.in",https://news.google.com/rss/articles/CBMioAFBVV95cUxOTHFibkpMNC1XMHRUN0NXQl82SVhSdDNldHpVV2FGa25FSmJudFRSS2c5bHBHSExFeFlSdGgxYmdOWUdCeTJhck1MdzZEZUFmV0VqeS1RMmVUOVRXNi1vdV9LOXB6MXBfdXB5NkVheHVueFBIcnVKZ0t3MEhCdGMtamVRSDEySTEyT0JyY1VKN1Y0YmtMQnBuUndDNlhHc0Ni?oc=5,,,,
2026-10-05 05:44,"Centre sanctions 3 lakh houses for Andhra Pradesh, first 3D concrete-printed housing project launched - DD India",https://news.google.com/rss/articles/CBMiywFBVV95cUxNdWpJSHFqb0dyNmhxNU4zc3BuTUk5Ym9ibzhnT2VBN08tSHNnaFpOUlZGZDJQN0NqY05sT2JmQ1l1U3Q1eER0emp6cG1iWVktSXFweXRRaEplY0dGLUpQTGlDbVJTeW5xOGIyV1REbGU2VThNWHlRd3RjdjI3Zzk3bXN6VWVUaTA5WkN5dGR1VGpiWWZxNG9LWmJLdm95LUNPSU40X28weEZGUWl6WDk5bHlkQUVsbHlOWEZiOVlxXzhJVFl1OWRkRmluTQ?oc=5,,,,
2026-10-05 15:38,Congress and NDA clash over viral clip from Sitharaman’s Andhra Pradesh event,https://www.thehindu.com/videos/congress-and-nda-clash-over-viral-clip-from-sitharamans-andhra-pradesh-event/article71546701.ece,,,,
2026-10-05 10:40,"Raksha Mantri Shri Rajnath Singh to Launch First Fleet Support Ship (FSS-1), Lay Keel of FSS-5 and Inaugurate Upgraded Slipway-4 & 300-Tonne Goliath Crane at Visakhapatnam - PIB",https://news.google.com/rss/articles/CBMiekFVX3lxTE95X3JDaC1mM1k0eHpYS0dwSlNHNmJDcWZSdDR4dnFxcjlfUEViekRQN3Z5VFRkblk5M2M5TW1VZFJsX3NESWxBLV9acmViVFRPektBeGMxMHBvVFVfVWtRZ2NKRzFiVTM0Zkd6QmxIMm9HTWJ4SmJRT3d3?oc=5,,,,
2026-10-05 10:47,Centre Approves 3 Lakh Houses for Andhra Pradesh and Launches 3D Printed Housing Project - news.brgbuildingsolutions.com,https://news.google.com/rss/articles/CBMiywFBVV95cUxPX2pIMWxKV1lQWDNFUUx1bWgtWmEtSWxVWjlkREVuWXZSVFM3Mk1DNlVtbTBJWEpYbGdRODA5U2pJRXBzNXEyUU5PUmZBWmJjMUdHQVFqRUJqWFNFanJFMHM2VVJQMm5UV1JULVRjRHJaZm1CRDJNTFVJbVpfUTYtS1lrTWpjYUR2SHZPSU9fbXZTY25UWkRUTzlXWGVuZmtsSm9JUVh5emNWZFJLR1JZOC1tdVZtQ2NoYU0xMlFvYUIyY01WLXFQbElPVQ?oc=5,,,,
2026-10-05 14:47,Nelcast Limited Approves ₹75 Crore Investment to Set Up Machining Division in Andhra Pradesh - EquityBulls,https://news.google.com/rss/articles/CBMiX0FVX3lxTE9XcGpMWGlHRGdCUkJzc0tLODA4RnRNMkJJQUJOazAyc1YtSkd0TUVXeVZ2NkI3aHhhNUF5Ui01d05nMWRNMV9wWTVtU2taVm5kVnphU2R6NnpjZHdRc09z?oc=5,,,,
2026-10-05 14:58,"No relaxation of environmental norms, says Andhra Pradesh High Court on Vizag data centre project - The Hindu",https://news.google.com/rss/articles/CBMi_wFBVV95cUxNSW5mMXNyeFgwWXdSS19VenV4WENRamdkUnotU3ozTUhZMmNDbFZLWVVRYjRMVng5UHlrMlVNSWNKY3pScW1DR3djYjFzdlpFc25HMzVPQkhYQ1NmdG5fbXEtZkxTakVmN3dhdFRJazFpS3hTMFZKYVpqdXFTZDM3bDFqcFdhMUlEc0wwUUcyTm5qU0VzcGJaa3IwUkg4LUZXcWt4NzVUQWFNbk9temVCSUZqZV9LZWdLYngzMkhfWGYtWl9DMU1FSmhOQUdlb1FpdWlYMC1wVVBoc1R5Q0VyZ0NudDBRaWZPLXVseVZseEZ0enZoeEVPd3RPS00yVknSAYYCQVVfeXFMTzc0STdrckZmY0lwejJ6UXMyeW95TUdYUGkwb1JtS1BCV3hhMk9nTTR6c0tGRE9UaEs3LTNsemFPS0Z1RUJhcmJPSEtneEtEX2poOXlkVmdzWjRtMU1pUml4VWZuLWI5WXJOZG1vN3VHc1p1LURoOV9nVEx5WEFPUHJOdkdSR3lZRks0eUFwUzczdUlhMjl4MkZWQlRZdFdqYlQ3Z3hWbENGNmt0SXJyTTBxS3N6dGtnc0RrLW5BbjNGMmhwSFdIbXdUU2E0dFRkNkpzVWExNDV3NWVEZURDbGFYeVBvV29nNGFvOXl5N2p6MWZaZW1VVEhqdnRocXdkOVk0SlM1UQ?oc=5,,,,
2026-10-05 18:01,"Andhra Pradesh launches INR 11,085 crore rural infrastructure programme under Palle Panduga 3.0 - Prop News Time",https://news.google.com/rss/articles/CBMi4AFBVV95cUxNWUowazRLM3ExbTFtSXpqVXptbWQxZGVpaHkxWjcxdHlxaEZMQ1hRSXNPdzV2VnM3XzJ0TVpBd2RPUnpYVFNCN1VYUkU0RFA1RkJuanlGd1VqWmgxRkpkU0kxTmNybzIyYlpfM0tCek9nc3ZuLUQyR3lKZG1HcTlwSmxNckVPREZOR0pGa3lVWDJpZTlpalFHekhfSENVUEQxeWNreDJIbklGTVFoOUJncGZ0T3Rabm5CQUMxMm5fM1N5UGVjNnhYbjBpc0R0ZnB2SWNMR2JDcnBqdkFtMTBHUw?oc=5,,,,
2026-10-05 18:43,"Errupalem-Amaravati-Namburu rail line: South Coast Railway floats final tender for project worth Rs 2,047 crore - biginfo.in",https://news.google.com/rss/articles/CBMiwgFBVV95cUxORnZDM0xLdzRWQWpDdllpc1lCU2FGckJJZVY0ekhJdF9Zd0xtQ0p0cGYtYWEtZjVGeDhpX21HZEM1Y0dRQzZZN1ZVXzNDa3V6RkkzQ2xDUWg0di01Z3RCX05hUm5SVV9xWXdzenZKSThKb2ZnLTBoRGlqTkRHa2E1UU01V1d0VGMyRm9CbzBBS1ZYOWQ4NzIyMXhwaEgxRmZGcldsWW53dkUyNl80aFUtMndTZ0dSVzdMX1E3WWw2OUZBQQ?oc=5,,,,
